 ,word 1,word 2,word 3,word 4,word 5,word 6,word 7,word 8,word 9,word 10,word 11,word 12,word 13,word 14,word 15,word 16,word 17,word 18,word 19,word 20,word 21,word 22,word 23,word 24,word 25,word 26,word 27,word 28,word 29,word 30,word 31,word 32,word 33,
sentence 1,he,shocking,shouted,was,What,你这肮脏的掠夺者,停在那儿
sentence 2,a,because,Chinese,couldn't,I,isn't,mother,my,perhaps,tongue,understand,word
sentence 3,around,furious,he,I,just,marching,Mr.,standing,there,was,was,watching,Young
sentence 4,anger,at,directing,he,his,me,was,Why
sentence 5,about,did,I,know,Little,that
sentence 6,and,and,Baltic,banking,capital,in,international,investment,is,leading,Markets,markets,Nordea,Nordic,operator,partner,regions,Sea,the,the
sentence 7,are,connecting,door,global,located,markets,next,the,to,to,We,you,you
sentence 8,a,and,combine,complete,expertise,financial,global,local,of,portfolio,provide,services,solutions,strength,to,We,with,with,you
sentence 9,and,currencies,diversified,have,in,in,liquidity,local,most,Nordics,of,offer,one,outstanding,product,ranges,strongest,the,the,We
sentence 10,access,all,an,best,But,capital,dedicated,experts,facets,in,in,manner,markets,more,of,of,offer,possible,serving,significantly,team,the,to,to,unequalled,we,you,you
sentence 11,a,a,and,and,At,combination,customer,expertise,financial,for,gives,global,have,local,Markets,Nordea,of,of,opportunity,our,rare,services,solutions,strength,the,to,us,use,variety,we,which,wide,you
sentence 12,a,a,all,and,and,as,as,can,currencies,diversified,excellent,fact,finding,give,hard,have,In,in,in,liquidity,local,Nordics,of,ours,product,range,strong,the,time,too,we,you,you’d
sentence 13,a,be,But,challenge,financial,have,huge,importantly,matter,might,most,no,of,outstanding,ready,serve,specialists,team,to,we,what,you,your
